CREATE TABLE IF NOT EXISTS meals (
    id SERIAL PRIMARY KEY,
    name character varying(255) NOT NULL,
    allergy_info character varying(255),
    difficulty character varying(255) NOT NULL,
    ingredients character varying(255) NOT NULL,
    steps text NOT NULL,
    meal_time character varying(255) NOT NULL
);

INSERT INTO meals VALUES
    (1,'Jamaican Jerk Chicken',NULL,'Intermediate','Chicken','https://www.foodandwine.com/recipes/jamaican-jerk-chicken','Main'),
    (2,'Pasta Salad','Dairy','Beginner','Kielbasa,Noodles','https://www.inspiredtaste.net/38019/easy-pasta-salad-recipe/#itr-recipe-38019','Snack'),
    (3,'Lasagna','Dairy','Beginner','Sausage,Noodles','https://www.simplyrecipes.com/recipes/lasagna/','Main'),
    (4,'Hearty Pancakes','Soy, Wheat','Intermediate','Milk,Eggs,Corn Meal','https://www.myrecipes.com/recipe/hearty-pancakes','Breakfast'),
    (5,'Summer Garden Couscous Salad','Dairy','Advanced','Couscous,Peppers,Tomatoes','https://www.tasteofhome.com/recipes/summer-garden-couscous-salad/','Snack'),
    (6,'Squash Corn Chowder',NULL,'Advanced','Potatoes','https://www.cookingclassy.com/summer-squash-corn-chowder/','Main'),
    (7,'White beans, tomatoes, and spinach',NULL,'Beginner','Rice,Beans','http://www.katherinemartinelli.com/blog/recipe/2015/garlicky-white-beans-with-spinach-and-tomatoes/','Main'),
    (8,'Spaghetti bolognese ',NULL,'Beginner','Noodles,Marinara Sauce','https://www.bbcgoodfood.com/recipes/best-spaghetti-bolognese-recipe','Main'),
    (9,'Scones','Dairy','Beginner','Flour, Egg','https://www.bbc.co.uk/food/recipes/tea_time_scones_77839','Snack'),
    (10,'Pizza Margherita','Dairy, Wheat','Intermediate','Sausage,Cheese','https://www.bbcgoodfood.com/recipes/pizza-margherita-4-easy-steps','Main'),
    (11,'Stir-Fry chow-mein','Dairy','Beginner','Chicken,Rice','https://www.bbcgoodfood.com/recipes/chow-mein','Main'),
    (12,'Rustic Italian Tortellini Soup','Dairy','Advanced','Sausage,Noodles,Cheese','https://www.tasteofhome.com/recipes/rustic-italian-tortellini-soup/','Main'),
    (13,'Swedish Meatballs','Wheat, Dairy','Advanced','Beef,Noodles,Eggs','https://www.recipetineats.com/swedish-meatballs/#wprm-recipe-container-20596','Main'),
    (14,'Barley Beef Skillet',NULL,'Beginner','Beef','https://www.tasteofhome.com/recipes/barley-beef-skillet/','Main'),
    (15,'Southwest Beef & Rice Skillet','Dairy','Beginner','Beef,Rice,Beans','https://www.tasteofhome.com/recipes/southwestern-beef-and-rice-skillet/','Main'),
    (16,'Glazed Pork Chops with Corn Bread Dressing',NULL,'Intermediate','Pork','https://www.tasteofhome.com/recipes/glazed-pork-chops-with-corn-bread-dressing/','Main'),
    (17,'Fried Rice','Soy, Wheat, Shellfish','Beginner','Chicken,Eggs,Rice','https://www.gimmesomeoven.com/fried-rice-recipe/','Main'),
    (18,'Zesty Sausage & Beans',NULL,'Beginner','Sausage,Beans,Rice','https://www.bbcgoodfood.com/recipes/spicy-sausage-bean-one-pot','Main'),
    (19,'Prosciutto Pasta Toss','Dairy','Beginner','Noodles,Ham','https://www.tasteofhome.com/recipes/prosciutto-pasta-toss/','Main'),
    (20,'Cashew Chicken with Noodles','Nuts,Sesame','Intermediate','Noodles,Chicken','https://www.tasteofhome.com/recipes/cashew-chicken-with-noodles/','Main'),
    (21,'Herb Chicken with Honey Butter','Dairy','Intermediate','Chicken','https://www.tasteofhome.com/recipes/herb-chicken-with-honey-butter/','Main'),
    (22,'French Toast','Dairy','Beginner','Eggs','https://www.tasteofhome.com/recipes/herb-chicken-with-honey-butter/','Breakfast'),
    (23,'Swedish Pancakes','Dairy','Beginner','Milk,Eggs','https://www.allrecipes.com/recipe/52581/easy-swedish-pancakes/','Breakfast'),
    (24,'Baked Cheddar Eggs & Potatoes','Dairy','Beginner','Potatoes,Bacon,Cheese,Eggs','https://www.tasteofhome.com/recipes/baked-cheddar-eggs-potatoes/','Main'),
    (25,'Baked Mostaccioli','Dairy','Beginner','Noodles,Marinara Sauce,Cheese,Sausage','https://www.delish.com/cooking/recipe-ideas/a29777181/classic-mostaccioli-recipe/','Main'),
    (26,'Ravioli with Snap Peas','Dairy,Nuts','Advanced','Noodles,Milk,Cheese','https://www.tasteofhome.com/recipes/ravioli-with-snap-peas-mushrooms/','Main'),
    (27,'Cloverleaf Rolls','Dairy,Wheat','Beginner','Milk','https://aseasyasapplepie.com/cloverleaf-dinner-rolls/','Snack'),
    (28,'Greek Yogurt and Honey Blueberry Muffins','Wheat,Dairy','Intermediate','Eggs,Milk','https://cookpad.com/uk/recipes/5954241-blueberry-muffins-with-greek-yogurt-and-honey','Breakfast'),
    (29,'Whole Grain Waffles','Dairy,Wheat','Beginner','Eggs,Milk','https://sallysbakingaddiction.com/whole-wheat-waffles/','Breakfast'),
    (30,'Lemon Bars','Dairy,Wheat','Beginner','Eggs,Flour','https://sallysbakingaddiction.com/lemon-bars-recipe/','Snack'),
    (31,'Qahaq Cookies','Wheat,Dairy,Sesame','Intermediate','Eggs,Flour','https://www.amaltesemouthful.com/sesame-biscuits-qaghaq-tal-gulglien/','Snack'),
    (32,'Blondies with Nutella','Dairy,Wheat','Advanced','Flour,Eggs','https://therecipecritic.com/nutella-blondies/','Snack'),
    (33,'Chilli con Carne',NULL,'Beginner','Beef,Beans','https://www.bbcgoodfood.com/recipes/chilli-con-carne-recipe','Snack'),
    (34,'Chocolate Mousse','Dairy','Advanced','Eggs','https://www.bbcgoodfood.com/recipes/easy-chocolate-mousse','Snack'),
    (35,'S''mores Cookie Bars','Dairy','Advanced','Marshmallow,Chocolate','https://sallysbakingaddiction.com/smore-cookie-bars/','Snack'),
    (36,'Orange Chicken','Wheat','Beginner','Chicken,Rice','https://www.modernhoney.com/chinese-orange-chicken/','Main'),
    (37,'Tostadas','Wheat,Dairy','Beginner','Chicken,Cheese','https://www.simplyrecipes.com/recipes/mexican_tostada/','Main'),
    (38,'Black Bean Stuffed Sweet Potatoes','Nuts','Beginner','Beans,Cheese','https://foodwithfeeling.com/black-bean-stuffed-sweet-potatoes/','Main'),
    (39,'Slow-Cooker Asian Shredded Beef',NULL,'Beginner','Beef,Noodles','https://www.realsimple.com/food-recipes/browse-all-recipes/slow-cooker-asian-shredded-beef','Main'),
    (40,'Capellini with sausage, spinach, and jalapeno',NULL,'Beginner','Sausage,Noodles','https://www.realsimple.com/food-recipes/browse-all-recipes/capellini-sausage-spinach-jalapeno','Main'),
    (41,'Crispy Chicken with Kale','WHEAT','Beginner','Chicken','https://food52.com/recipes/77151-crispy-chicken-thighs-with-kale-croutons','Main'),
    (42,'Roast Chicken Grain Bowl','DAIRY','Intermediate','Chicken','https://www.marthastewart.com/1165237/roast-chicken-grain-bowl','Main'),
    (43,'Chicken thighs with barley and peas',NULL,'Beginner','Chicken','https://www.punchfork.com/recipe/Chicken-Thighs-with-Barley-and-Peas-Real-Simple','Main'),
    (44,'Rice noodles with meatballs and bok choy','SOY','Advanced','Beef,Noodles','https://www.punchfork.com/recipe/Rice-Noodles-with-Meatballs-Mushrooms-and-Bok-Choy-Real-Simple','Main'),
    (45,'Paprika Pork with Roasted Potatoes and Dill Cream','DAIRY','Beginner','Pork,Potatoes','https://www.punchfork.com/recipe/Paprika-Pork-Tenderloin-with-Roasted-Potatoes-and-Dill-Cream-Real-Simple','Main'),
    (46,'Chicken cutlets with carrot and kale salad','DAIRY','Intermediate','Chicken','https://www.punchfork.com/recipe/Crispy-Chicken-Cutlets-with-Carrot-and-Kale-Salad-Real-Simple','Main'),
    (47,'Gnocchi and sweet potatoes','NUTS','Beginner','Potatoes,Pasta','https://www.realsimple.com/food-recipes/browse-all-recipes/gnocchi-sweet-potatoes-with-hazelnuts','Main'),
    (48,'Shepherd''s Pie','DAIRY','Advanced','Beef,Potatoes','https://www.simplyrecipes.com/recipes/easy_shepherds_pie/','Main'),
    (49,'Garlic Parmesan Chicken','DAIRY','Beginner','Chicken,Rice','https://gimmedelicious.com/creamy-garlic-parmesan-chicken/','Main'),
    (50,'Turkey Pot Pie','DAIRY','Beginner','Turkey','https://www.spendwithpennies.com/turkey-pot-pie/','Main'),
    (51,'Balsamic Bacon Brussels Sprouts',NULL,'Beginner','Bacon','https://downshiftology.com/recipes/balsamic-bacon-brussels-sprouts/','Snack'),
    (52,'Lemon Red Potatoes','DAIRY','Beginner','Potatoes','https://www.tasteofhome.com/recipes/lemon-red-potatoes/','Snack'),
    (53,'Potato and Corn Chowder','DAIRY','Beginner','Potatoes,Milk,Cheese','https://www.thereciperebel.com/potato-corn-chowder/','Main'),
    (54,'Thai Chicken','SOY,SHELLFISH','Beginner','Chicken,Noodles,Eggs','https://damndelicious.net/2015/06/17/easy-thai-chicken/','Main'),
    (55,'Italian Fagoli Vegetable Soup',NULL,'Beginner','Vegetarian,Beans,Noodles','https://cookieandkate.com/pasta-e-fagioli-recipe/','Main'),
    (56,'Blueberry Pie','DAIRY','Beginner','Blueberry','https://www.inspiredtaste.net/23159/homemade-blueberry-pie-recipe/','Snack'),
    (57,'Chocolate and Pear Pudding','DAIRY,NUTS','Beginner','Chocolate,Pears','https://www.bbcgoodfood.com/recipes/squidgy-chocolate-pear-pudding','Snack'),
    (58,'Browned Butter Beets','DAIRY','Advanced','Beets,Breadcrumbs','https://www.realsimple.com/food-recipes/browse-all-recipes/beets-brown-butter-bread-crumbs','Snack'),
    (59,'Turkey Soup with Homemade Noodles','DAIRY,WHEAT','Intermediate','Turkey,Noodles','https://iwashyoudry.com/homemade-turkey-noodle-soup/','Main'),
    (60,'Home fries','DAIRY','Beginner','Potatoes','https://www.allrecipes.com/recipe/71803/quick-and-easy-home-fries/','Snack'),
    (61,'Chocolate Raspberry Torte','DAIRY','Advanced','Eggs,Milk,Chocolate','https://www.howtocookthat.net/public_html/chocolate-raspberry-tart-recipe/','Snack'),
    (62,'Lentil Soup',NULL,'Intermediate','Lentils,Vegetarian,Carrots,Onion','https://www.bbcgoodfood.com/recipes/lentil-soup','Main'),
    (63,'Buckwheat Tabboulah',NULL,'Beginner','Buckwheat,Vegetarian,Carrots,Onion','https://www.allrecipes.com/recipe/228526/toasted-buckwheat-tabbouleh/','Main'),
    (64,'Brown Rice Bowl with Lentils, Caramelized Onions & Fried Egg','NUTS','Beginner','Rice,Lentils,Onion','https://www.thekitchn.com/recipe-brown-rice-bowl-with-lentils-caramelized-onions-fried-egg-223112','Main'),
    (65,'Italian Vegetable Lentil Soup',NULL,'Beginner','Lentils,Onion,Vegetarian','https://www.cookingclassy.com/italian-vegetable-lentil-soup/','Main'),
    (66,'One Pot Chicken & Potatoes',NULL,'Beginner','Potatoes,Chicken,Carrots,Onion','https://letthebakingbegin.com/one-pan-chicken-potatoes/','Main'),
    (67,'Sweet Korean Lentils',NULL,'Beginner','Lentils,Rice,Onion','https://itdoesnttastelikechicken.com/sweet-korean-lentils/#recipe','Main'),
    (68,'Buckwheat Beetroot Salad', 'WHEAT','Intermediate','Beets,Buckwheat','https://www.lazycatkitchen.com/warm-buckwheat-beetroot-salad/','Main');


CREATE TABLE IF NOT EXISTS chefs (
    id SERIAL PRIMARY KEY,
    name VARCHAR(255) NOT NULL,
    email TEXT NOT NULL,
    location VARCHAR(255) NOT NULL,
    price DECIMAL(10,2) NOT NULL
);

INSERT INTO chefs VALUES
    (1,'James Oliver','jamesoliver@hotmail.com','London',300),
    (2,'Keith Richards','stayathomeandcook@hotmail.com','Paris',60),
    (3,'Gordon Ramsey','gordon@ramsey.com','London',500),
    (4,'Snoop Stewart','SnoopStewart@gmail.com','LA',50),
    (5,'Sue Lopez','suelopez@gotmail.com','Grimsby',75);

CREATE TABLE IF NOT EXISTS matches (
    id SERIAL PRIMARY KEY,
    chefs_id INT REFERENCES chefs(id),
    meals_id INT REFERENCES meals(id)
);

INSERT INTO matches VALUES
    (1,1,1),
    (2,1,2),
    (3,1,3),
    (4,1,4),
    (5,1,5),
    (6,1,6),
    (7,1,7),
    (8,1,8),
    (9,1,9),
    (10,1,10),
    (11,1,11),
    (12,1,12),
    (13,1,13),
    (14,1,14),
    (15,2,15),
    (16,2,16),
    (17,2,17),
    (18,2,18),
    (19,2,19),
    (20,2,20),
    (21,2,21),
    (22,2,22),
    (23,2,23),
    (24,2,24),
    (25,2,25),
    (26,2,26),
    (27,2,27),
    (28,2,28),
    (29,3,29),
    (30,3,30),
    (31,3,31),
    (32,3,32),
    (33,3,33),
    (34,3,34),
    (35,3,35),
    (36,3,36),
    (37,3,37),
    (38,3,38),
    (39,3,39),
    (40,3,40),
    (41,3,41),
    (42,3,42),
    (43,4,43),
    (44,4,44),
    (45,4,45),
    (46,4,46),
    (47,4,47),
    (48,4,48),
    (49,4,49),
    (50,4,50),
    (51,4,51),
    (52,4,52),
    (53,4,53),
    (54,4,54),
    (55,4,55),
    (56,4,56),
    (57,5,57),
    (58,5,58),
    (59,5,59),
    (60,5,60),
    (61,5,61),
    (62,5,62),
    (63,5,63),
    (64,5,64),
    (65,5,65),
    (66,5,66),
    (67,5,67),
    (68,5,68),
    (69,2,1),
    (70,2,2),
    (71,2,3),
    (72,2,4),
    (73,2,5),
    (74,2,6),
    (75,2,7),
    (76,2,8),
    (77,2,9),
    (78,2,10),
    (79,2,11),
    (80,2,12),
    (81,2,13),
    (82,2,14),
    (83,3,15),
    (84,3,16),
    (85,3,17),
    (86,3,18),
    (87,3,19),
    (88,3,20),
    (89,3,21),
    (90,3,22),
    (91,3,23),
    (92,3,24),
    (93,3,25),
    (94,3,26),
    (95,3,27),
    (96,3,28),
    (97,4,29),
    (98,4,30),
    (99,4,31),
    (100,4,32),
    (101,4,33),
    (102,4,34),
    (103,4,35),
    (104,4,36),
    (105,4,37),
    (106,4,38),
    (107,4,39),
    (108,4,40),
    (109,4,41),
    (110,4,42),
    (111,5,43),
    (112,5,44),
    (113,5,45),
    (114,5,46),
    (115,5,47),
    (116,5,48),
    (117,5,49),
    (118,5,50),
    (119,5,51),
    (120,5,52),
    (121,5,53),
    (122,5,54),
    (123,5,55),
    (124,5,56),
    (125,1,57),
    (126,1,58),
    (127,1,59),
    (128,1,60),
    (129,1,61),
    (130,1,62),
    (131,1,63),
    (132,1,64),
    (133,1,65),
    (134,1,66),
    (135,1,67),
    (136,1,68);

